SUBJECT,START DATE,END DATE
Встреча с куратором  190925-wdm,19.9.2025 09:00,19.9.2025 10:30
Введение 1: Кто такой Front-end разработчик, языки программирования Bekov Astemir 190925-wdm,22.9.2025 09:00,22.9.2025 12:15
Введение 2: Базовая математика (умножение/деление/возведение в степень) Barbylev Ilya 190925-wdm,23.9.2025 09:00,23.9.2025 12:15
Компьютерная грамотность 1: Компьютеры и девайсы Andreev Vyacheslav 190925-wdm,23.9.2025 12:30,23.9.2025 14:00
Введение 3: Интернет и безопасность данных (GDPR) Andreev Vyacheslav 190925-wdm,24.9.2025 09:00,24.9.2025 12:15
Компьютерная грамотность 2: Монитор и клавиатура Andreev Vyacheslav 190925-wdm,24.9.2025 12:30,24.9.2025 14:00
Введение 4: Продвинутая математика Andreev Vyacheslav 190925-wdm,25.9.2025 09:00,25.9.2025 12:15
Компьютерная грамотность 3: Работа с папками и файлами Andreev Vyacheslav 190925-wdm,25.9.2025 12:30,25.9.2025 14:00
Введение 5: Подготовка к обучению (установка программ)  Andreev Vyacheslav 190925-wdm,26.9.2025 09:00,26.9.2025 12:15
Компьютерная грамотность 4: Интернет и Google-диск Andreev Vyacheslav 190925-wdm,26.9.2025 12:30,26.9.2025 14:00
Front-end 1.1 VS Code и настройка рабочей среды Bekov Astemir 190925-wdm,29.9.2025 09:00,29.9.2025 10:30
Front-end 1.2: Знакомство с HTML и CSS Bekov Astemir 190925-wdm,29.9.2025 10:45,29.9.2025 12:15
Linux & Git 1: Введение в Linux Andreev Vyacheslav 190925-wdm,29.9.2025 12:30,29.9.2025 14:00
Front-end 2.1: Стилизация: CSS классы, отступы, div Bekov Astemir 190925-wdm,30.9.2025 09:00,30.9.2025 10:30
Front-end 2.2: Структура проекта Bekov Astemir 190925-wdm,30.9.2025 10:45,30.9.2025 12:15
German: Занятие знакомство Mudrova Daria 190925-wdm,30.9.2025 12:30,30.9.2025 14:00
Front-end 3.1: Текстовые теги, списки Bekov Astemir 190925-wdm,1.10.2025 09:00,1.10.2025 10:30
Front-end 3.2: Формы, текстовые поля, кнопки Bekov Astemir 190925-wdm,1.10.2025 10:45,1.10.2025 12:15
Front-end 4.1: Единицы измерения Bekov Astemir 190925-wdm,1.10.2025 12:30,1.10.2025 14:00
Front-end 4.2: Адаптивность: media запросы Bekov Astemir 190925-wdm,2.10.2025 10:45,2.10.2025 12:15
Front-end 5: Practice Bekov Astemir 190925-wdm,2.10.2025 12:30,2.10.2025 14:00
Front-end 6: Summary Session 1 Bekov Astemir 190925-wdm,2.10.2025 09:00,2.10.2025 10:30
Front-end 7.1: Знакомство с flexbox Bekov Astemir 190925-wdm,6.10.2025 09:00,6.10.2025 10:30
Front-end 7.2: flex-grow, flex-shrink, flex-basis Bekov Astemir 190925-wdm,6.10.2025 10:45,6.10.2025 12:15
Linux & Git 2:  Первые команды Andreev Vyacheslav 190925-wdm,6.10.2025 12:30,6.10.2025 14:00
Front-end 8.1: Структура HTML-формы Bekov Astemir 190925-wdm,7.10.2025 09:00,7.10.2025 10:30
Front-end 8.2: Текстовые поля и валидация Bekov Astemir 190925-wdm,7.10.2025 10:45,7.10.2025 12:15
Front-end 9.1: Что такое позиционирование, относительное позиционирование Bekov Astemir 190925-wdm,8.10.2025 09:00,8.10.2025 10:30
Front-end 9.2: Абсолютное, фиксированное и sticky позиционирование Bekov Astemir 190925-wdm,8.10.2025 10:45,8.10.2025 12:15
Linux & Git 3:  Summary Session 1 Andreev Vyacheslav 190925-wdm,8.10.2025 12:30,8.10.2025 14:00
Front-end 10.1: Псевдоклассы Bekov Astemir 190925-wdm,9.10.2025 09:00,9.10.2025 10:30
Front-end 10.2: Псевдоэлементы, анимации Bekov Astemir 190925-wdm,9.10.2025 10:45,9.10.2025 12:15
Front-end 11: Practice Bekov Astemir 190925-wdm,9.10.2025 12:30,9.10.2025 14:00
Front-end 12: Summary Session Bekov Astemir 190925-wdm,10.10.2025 09:00,10.10.2025 12:15
Front-end 13.1: Знакомство с grid Bekov Astemir 190925-wdm,13.10.2025 09:00,13.10.2025 10:30
Front-end 13.2: Продвинутые свойства grid Bekov Astemir 190925-wdm,13.10.2025 10:45,13.10.2025 12:15
Linux & Git 4:  pipe and redirection Andreev Vyacheslav 190925-wdm,13.10.2025 12:30,13.10.2025 14:00
Front-end 14.1: Подходы к адаптивной верстке Bekov Astemir 190925-wdm,14.10.2025 09:00,14.10.2025 10:30
Front-end 14.2: Приемы адаптивной верстки Bekov Astemir 190925-wdm,14.10.2025 10:45,14.10.2025 12:15
Front-end 15.1: Подключение библиотеки с иконками: Fontawesome и Bootstrap Icons Bekov Astemir 190925-wdm,15.10.2025 09:00,15.10.2025 10:30
Front-end 15.2: Material Icons и Material Symbols Bekov Astemir 190925-wdm,15.10.2025 10:45,15.10.2025 12:15
Linux & Git 5:  Summary Session 2 Andreev Vyacheslav 190925-wdm,15.10.2025 12:30,15.10.2025 14:00
Front-end 16.1: Работа с переменными Bekov Astemir 190925-wdm,16.10.2025 09:00,16.10.2025 10:30
Front-end 16.2: Условные операторы Bekov Astemir 190925-wdm,16.10.2025 10:45,16.10.2025 12:15
Front-end 17: Practice Bekov Astemir 190925-wdm,16.10.2025 12:30,16.10.2025 14:00
Front-end 18: Summary Session Bekov Astemir 190925-wdm,17.10.2025 09:00,17.10.2025 12:15
Front-end 19.1: Условные операторы. Продолжение Bekov Astemir 190925-wdm,20.10.2025 09:00,20.10.2025 10:30
Front-end 19.2: Цикл for Bekov Astemir 190925-wdm,20.10.2025 10:45,20.10.2025 12:15
Linux & Git 6: Текстовые редакторы на примере vi и nano  Andreev Vyacheslav 190925-wdm,20.10.2025 12:30,20.10.2025 14:00
Front-end 20.1: Циклы for, while, do…while. Продолжение Bekov Astemir 190925-wdm,21.10.2025 09:00,21.10.2025 10:30
Front-end 20.2: Массивы Bekov Astemir 190925-wdm,21.10.2025 10:45,21.10.2025 12:15
Front-end 21.1: Введение в объекты Bekov Astemir 190925-wdm,22.10.2025 09:00,22.10.2025 10:30
Front-end 21.2: Вложенные объекты Bekov Astemir 190925-wdm,22.10.2025 10:45,22.10.2025 12:15
Linux & Git 7: Summary Session 3 Andreev Vyacheslav 190925-wdm,22.10.2025 12:30,22.10.2025 14:00
Front-end 22.1: Введение в функции Bekov Astemir 190925-wdm,23.10.2025 09:00,23.10.2025 10:30
Front-end 22.2: Параметры функции, стрелочные функции Bekov Astemir 190925-wdm,23.10.2025 10:45,23.10.2025 12:15
Front-end 23: Practice Bekov Astemir 190925-wdm,23.10.2025 12:30,23.10.2025 14:00
Front-end 24: Summary Session Bekov Astemir 190925-wdm,24.10.2025 09:00,24.10.2025 12:15
Front-end 25.1: Работа с JS. Часть 1 Bekov Astemir 190925-wdm,27.10.2025 09:00,27.10.2025 10:30
Front-end 25.2: Работа с JS. Часть 2 Bekov Astemir 190925-wdm,27.10.2025 10:45,27.10.2025 12:15
Linux & Git 8:  SSH - secured shell Andreev Vyacheslav 190925-wdm,27.10.2025 12:30,27.10.2025 14:00
Front-end 26.1: Введение в JS DOM и изменение значений элементов Bekov Astemir 190925-wdm,28.10.2025 09:00,28.10.2025 10:30
Front-end 26.2: Создание DOM элементов Bekov Astemir 190925-wdm,28.10.2025 10:45,28.10.2025 12:15
Front-end 27.1: Копирование, удаление, перемещение элементов Bekov Astemir 190925-wdm,29.10.2025 09:00,29.10.2025 10:30
Front-end 27.2: События, обработчики событий и типы событий Bekov Astemir 190925-wdm,29.10.2025 10:45,29.10.2025 12:15
Linux & Git 9: Summary Session 4 Andreev Vyacheslav 190925-wdm,29.10.2025 12:30,29.10.2025 14:00
Front-end 28.1: Атрибут style, setAttribute и cssText Bekov Astemir 190925-wdm,30.10.2025 09:00,30.10.2025 10:30
Front-end 28.2: Работа со стилями и свойство classList Bekov Astemir 190925-wdm,30.10.2025 10:45,30.10.2025 12:15
Front-end 29: Practice Bekov Astemir 190925-wdm,30.10.2025 12:30,30.10.2025 14:00
Front-end 30: Summary Session Bekov Astemir 190925-wdm,31.10.2025 09:00,31.10.2025 12:15
Front-end 31.1: Обработка событий html формы Bekov Astemir 190925-wdm,3.11.2025 09:00,3.11.2025 10:30
Front-end 31.2: JS Обработка формы Bekov Astemir 190925-wdm,3.11.2025 10:45,3.11.2025 12:15
Linux & Git 10:  Переменные. Системные переменные  Andreev Vyacheslav 190925-wdm,3.11.2025 12:30,3.11.2025 14:00
Front-end 32.1: Учебный проект: Вводные данные и 1, 2 экраны Bekov Astemir 190925-wdm,4.11.2025 09:00,4.11.2025 10:30
Front-end 32.2: Учебный проект: 3, 4, 5 экраны Bekov Astemir 190925-wdm,4.11.2025 10:45,4.11.2025 12:15
AI Webdev 1: Используем AI в обучении  190925-wdm,4.11.2025 12:30,4.11.2025 14:00
Front-end 33.1: Учебный проект: 6 экран, адаптив Bekov Astemir 190925-wdm,5.11.2025 09:00,5.11.2025 10:30
Front-end 33.2: Методы push, map и forEach Bekov Astemir 190925-wdm,5.11.2025 10:45,5.11.2025 12:15
Linux & Git 11: Summary Session 5 Andreev Vyacheslav 190925-wdm,5.11.2025 12:30,5.11.2025 14:00
Front-end 34.1: Методы pop, filter и sort Bekov Astemir 190925-wdm,6.11.2025 09:00,6.11.2025 10:30
Front-end 34.2: Методы shift, unshift, reduce и from Bekov Astemir 190925-wdm,6.11.2025 10:45,6.11.2025 12:15
Front-end 35: Practice Bekov Astemir 190925-wdm,6.11.2025 12:30,6.11.2025 14:00
Front-end 36: Summary Session Bekov Astemir 190925-wdm,7.11.2025 09:00,7.11.2025 12:15
Front-end 37.1: every и some Bekov Astemir 190925-wdm,10.11.2025 09:00,10.11.2025 10:30
Front-end 37.2: localStorage и его методы Bekov Astemir 190925-wdm,10.11.2025 10:45,10.11.2025 12:15
Linux & Git 12:  file permissions, first bash script Andreev Vyacheslav 190925-wdm,10.11.2025 12:30,10.11.2025 14:00
Linux & Git 13: Git introduction Andreev Vyacheslav 190925-wdm,11.11.2025 09:00,11.11.2025 12:15
Front-end 38.1: Реализация темной темы с помощью localStorage Bekov Astemir 190925-wdm,12.11.2025 09:00,12.11.2025 10:30
Front-end 38.2: Объекты и массивы в localStorage Bekov Astemir 190925-wdm,12.11.2025 10:45,12.11.2025 12:15
Linux & Git 14: Summary Session 6 Andreev Vyacheslav 190925-wdm,12.11.2025 12:30,12.11.2025 14:00
Front-end 39.1: Учебный проект. Регистрация и авторизация Bekov Astemir 190925-wdm,13.11.2025 09:00,13.11.2025 10:30
Front-end 39.2: Промисы, then, catch и finally Bekov Astemir 190925-wdm,13.11.2025 10:45,13.11.2025 12:15
Front-end 40: Practice Bekov Astemir 190925-wdm,13.11.2025 12:30,13.11.2025 14:00
Front-end 41: Summary Session Bekov Astemir 190925-wdm,14.11.2025 09:00,14.11.2025 12:15
Front-end 42.1: Методы Promise Bekov Astemir 190925-wdm,17.11.2025 09:00,17.11.2025 10:30
Front-end 42.2: HTTP-запросы, fetch Bekov Astemir 190925-wdm,17.11.2025 10:45,17.11.2025 12:15
Linux & Git 15: Linux: find, locate, bash scripts -  loops and cycles Andreev Vyacheslav 190925-wdm,17.11.2025 12:30,17.11.2025 14:00
Linux & Git 16: Ветви в Git Andreev Vyacheslav 190925-wdm,18.11.2025 09:00,18.11.2025 12:15
Front-end 43.1: Получение данных для наполнения страницы Bekov Astemir 190925-wdm,19.11.2025 09:00,19.11.2025 10:30
Front-end 43.2: Front-end. Консультация по проекту часть 1 (реализация рег) Bekov Astemir 190925-wdm,19.11.2025 10:45,19.11.2025 12:15
Linux & Git 17: Summary Session 7 Andreev Vyacheslav 190925-wdm,19.11.2025 12:30,19.11.2025 14:00
Front-end 44.1: Front-end. Консультация по проекту часть 2 (реализация рег) Bekov Astemir 190925-wdm,20.11.2025 09:00,20.11.2025 10:30
Front-end 44.2: Front-end. Консультация по проекту часть 3 (реализация рег) Bekov Astemir 190925-wdm,20.11.2025 10:45,20.11.2025 12:15
Front-end 45: Practice Bekov Astemir 190925-wdm,20.11.2025 12:30,20.11.2025 14:00
Front-end 46: Summary Session Bekov Astemir 190925-wdm,21.11.2025 09:00,21.11.2025 12:15
Front-end 47.1: Async/await Bekov Astemir 190925-wdm,24.11.2025 09:00,24.11.2025 10:30
Front-end 47.2: Работа с async/await Bekov Astemir 190925-wdm,24.11.2025 10:45,24.11.2025 12:15
Linux & Git 18: Linux: scripts vol1 Andreev Vyacheslav 190925-wdm,24.11.2025 12:30,24.11.2025 14:00
Linux & Git 19: Git: merge&rebase Andreev Vyacheslav 190925-wdm,25.11.2025 09:00,25.11.2025 12:15
Front-end 48.1: Обработка ошибок, try catch Bekov Astemir 190925-wdm,26.11.2025 09:00,26.11.2025 10:30
Front-end 48.2: Разработка todo-листа с помощью async/await и try…catch Bekov Astemir 190925-wdm,26.11.2025 10:45,26.11.2025 12:15
Linux & Git 20: Summary Session 8 Andreev Vyacheslav 190925-wdm,26.11.2025 12:30,26.11.2025 14:00
Front-end 49.1: Event Loop Bekov Astemir 190925-wdm,27.11.2025 09:00,27.11.2025 10:30
Front-end 49.2: Установка и настройка Sass Bekov Astemir 190925-wdm,27.11.2025 10:45,27.11.2025 12:15
Front-end 50: Practice Bekov Astemir 190925-wdm,27.11.2025 12:30,27.11.2025 14:00
Front-end 51: Summary Session Bekov Astemir 190925-wdm,28.11.2025 09:00,28.11.2025 12:15
Front-end 52.1: Синтаксические конструкции sass Bekov Astemir 190925-wdm,1.12.2025 09:00,1.12.2025 10:30
Front-end 52.2: Создания селекторов Bekov Astemir 190925-wdm,1.12.2025 10:45,1.12.2025 12:15
Linux & Git 21: Linux: cron, crontab + tar Andreev Vyacheslav 190925-wdm,1.12.2025 12:30,1.12.2025 14:00
Linux & Git 22: Git: rebase advanced, PR Andreev Vyacheslav 190925-wdm,2.12.2025 09:00,2.12.2025 12:15
Front-end 53.1: Введение в this, контексты вызова Bekov Astemir 190925-wdm,3.12.2025 09:00,3.12.2025 10:30
Front-end 53.2: Определение контекста в функциях, функции конструкторы Bekov Astemir 190925-wdm,3.12.2025 10:45,3.12.2025 12:15
Linux & Git 23: Summary Session 9 Andreev Vyacheslav 190925-wdm,3.12.2025 12:30,3.12.2025 14:00
Front-end 54.1: Введение в ООП Bekov Astemir 190925-wdm,4.12.2025 09:00,4.12.2025 10:30
Front-end 54.2: Полиморфизм, инкапсуляция Bekov Astemir 190925-wdm,4.12.2025 10:45,4.12.2025 12:15
Front-end 55: Practice Bekov Astemir 190925-wdm,4.12.2025 12:30,4.12.2025 14:00
Front-end 56: Summary Session Bekov Astemir 190925-wdm,5.12.2025 09:00,5.12.2025 12:15
Front-end 57.1: Статические свойства и методы Bekov Astemir 190925-wdm,8.12.2025 09:00,8.12.2025 10:30
Front-end 57.2: Статические свойства Bekov Astemir 190925-wdm,8.12.2025 10:45,8.12.2025 12:15
Linux & Git 24: Linux: scripts vol2 Andreev Vyacheslav 190925-wdm,8.12.2025 12:30,8.12.2025 14:00
Linux & Git 25: Git: Fork, Pull requests Andreev Vyacheslav 190925-wdm,9.12.2025 09:00,9.12.2025 12:15
Front-end 58.1: Прямоугольники, контуры, линии, дуги Bekov Astemir 190925-wdm,10.12.2025 09:00,10.12.2025 10:30
Front-end 58.2: Цветовые стили, текст, картинки Bekov Astemir 190925-wdm,10.12.2025 10:45,10.12.2025 12:15
Linux & Git 26: Summary Session 10 Andreev Vyacheslav 190925-wdm,10.12.2025 12:30,10.12.2025 14:00
Front-end 59.1: Создание переключателя между постами часть 1 Bekov Astemir 190925-wdm,11.12.2025 09:00,11.12.2025 10:30
Front-end 59.2: Создание переключателя между постами часть 2 Bekov Astemir 190925-wdm,11.12.2025 10:45,11.12.2025 12:15
Front-end 60: Practice Bekov Astemir 190925-wdm,11.12.2025 12:30,11.12.2025 14:00
Front-end 61: Summary Session Bekov Astemir 190925-wdm,12.12.2025 09:00,12.12.2025 12:15
Front-end 62.1:  Модальное окно div Bekov Astemir 190925-wdm,15.12.2025 09:00,15.12.2025 10:30
Front-end 62.2: Модальное окно dialog Bekov Astemir 190925-wdm,15.12.2025 10:45,15.12.2025 12:15
Linux & Git 27: Linux: scripts advanced Andreev Vyacheslav 190925-wdm,15.12.2025 12:30,15.12.2025 14:00
Linux & Git 28: Git: Monorepo, merge conflicts, Revert and Reset Andreev Vyacheslav 190925-wdm,16.12.2025 09:00,16.12.2025 12:15
Front-end 63.1: Реализация элементов управления часть 1 Bekov Astemir 190925-wdm,17.12.2025 09:00,17.12.2025 10:30
Front-end 63.2: Реализация элементов управления часть 2 Bekov Astemir 190925-wdm,17.12.2025 10:45,17.12.2025 12:15
Linux & Git 29: Summary Session 11 Andreev Vyacheslav 190925-wdm,17.12.2025 12:30,17.12.2025 14:00
Front-end 64.1: Создание анимированного навигационного меню Bekov Astemir 190925-wdm,18.12.2025 09:00,18.12.2025 10:30
Front-end 64.2: Создание всплывающих уведомлений Bekov Astemir 190925-wdm,18.12.2025 10:45,18.12.2025 12:15
Front-end 65: Practice Bekov Astemir 190925-wdm,18.12.2025 12:30,18.12.2025 14:00
Front-end 66: Summary Session Bekov Astemir 190925-wdm,19.12.2025 09:00,19.12.2025 12:15
* Front-end 67: Онбординг в проект Bekov Astemir 190925-wdm,5.1.2026 09:00,5.1.2026 12:15
Linux & Git 30: Git: Advanced teamwork Andreev Vyacheslav 190925-wdm,6.1.2026 09:00,6.1.2026 12:15
AI Webdev 2: Как упростить работу с кодом c использованием ИИ  190925-wdm,6.1.2026 12:30,6.1.2026 14:00
Linux & Git 31: Linux: Mini project Andreev Vyacheslav 190925-wdm,7.1.2026 09:00,7.1.2026 12:15
Front-end 68: Консультация по проекту Bekov Astemir 190925-wdm,8.1.2026 09:00,8.1.2026 12:15
Front-end 69: Консультация по проекту Bekov Astemir 190925-wdm,9.1.2026 09:00,9.1.2026 12:15
Front-end 70: Консультация по проекту Bekov Astemir 190925-wdm,12.1.2026 09:00,12.1.2026 12:15
Front-end 71: Консультация по проекту Bekov Astemir 190925-wdm,13.1.2026 09:00,13.1.2026 12:15
German: Техникум 1  190925-wdm,13.1.2026 14:30,13.1.2026 16:00
Front-end 72: Консультация по проекту Bekov Astemir 190925-wdm,15.1.2026 09:00,15.1.2026 12:15
Front-end 73: Презентация проекта Bekov Astemir 190925-wdm,16.1.2026 09:00,16.1.2026 12:15
Vacation  190925-wdm,17.1.2026 00:00,25.1.2026 00:00
REACT 1: Знакомство с REACT  190925-wdm,26.1.2026 09:00,26.1.2026 12:15
REACT 2: Практикум  190925-wdm,26.1.2026 12:30,26.1.2026 14:00
Web Engineering 1: Введение в базы данных. Оператор WHERE. Специальное значение NULL  190925-wdm,27.1.2026 09:00,27.1.2026 12:15
German: Техникум 2  190925-wdm,27.1.2026 14:30,27.1.2026 16:00
REACT 3: Работа с компонентами. JSX  190925-wdm,28.1.2026 09:00,28.1.2026 12:15
REACT 4: Практикум  190925-wdm,28.1.2026 12:30,28.1.2026 14:00
Web Engineering 2: Условные конструкции. Ограничение выборки. Выбор уникальных значений  190925-wdm,29.1.2026 09:00,29.1.2026 12:15
REACT 5: Summary session 1  190925-wdm,30.1.2026 09:00,30.1.2026 12:15
Web Engineering 3: Summary session 1  190925-wdm,30.1.2026 12:30,30.1.2026 14:00
REACT 6: Работа со стилями. Хук useState  190925-wdm,2.2.2026 09:00,2.2.2026 12:15
REACT 7: Практикум  190925-wdm,2.2.2026 12:30,2.2.2026 14:00
Web Engineering 4: Типы данных. Особенности работы с датой и временем  190925-wdm,3.2.2026 09:00,3.2.2026 12:15
German: Техникум 3  190925-wdm,3.2.2026 14:30,3.2.2026 16:00
REACT 8: События в React  190925-wdm,4.2.2026 09:00,4.2.2026 12:15
REACT 9: Практикум  190925-wdm,4.2.2026 12:30,4.2.2026 14:00
Web Engineering 5: Создание и изменение таблиц. Ограничения. Представления View  190925-wdm,5.2.2026 09:00,5.2.2026 12:15
REACT 10: Summary session 2  190925-wdm,6.2.2026 09:00,6.2.2026 12:15
Web Engineering 6: Summary session 2  190925-wdm,6.2.2026 12:30,6.2.2026 14:00
REACT 11: Верстка сайта с React, работа с Figma и создание компонентов по макету  190925-wdm,9.2.2026 09:00,9.2.2026 12:15
REACT 12: Практикум  190925-wdm,9.2.2026 12:30,9.2.2026 14:00
Web Engineering 7: Агрегирующие функции. Оператор Group BY. Фильтрация агрегированных данных. Having  190925-wdm,10.2.2026 09:00,10.2.2026 12:15
German: Техникум 4  190925-wdm,10.2.2026 14:30,10.2.2026 16:00
REACT 13: Жизненные циклы компонентов. Хук useEffect. Работа с axios  190925-wdm,11.2.2026 09:00,11.2.2026 12:15
REACT 14: Практикум  190925-wdm,11.2.2026 12:30,11.2.2026 14:00
Web Engineering 8: Join и другие типы join  190925-wdm,12.2.2026 09:00,12.2.2026 12:15
REACT 15: Summary session 3  190925-wdm,13.2.2026 09:00,13.2.2026 12:15
Web Engineering 9: Summary session 3  190925-wdm,13.2.2026 12:30,13.2.2026 14:00
REACT 16: useContext  190925-wdm,16.2.2026 09:00,16.2.2026 12:15
REACT 17: Практикум  190925-wdm,16.2.2026 12:30,16.2.2026 14:00
Web Engineering 10: Агрегация и группировка  190925-wdm,17.2.2026 09:00,17.2.2026 12:15
German: Техникум 5  190925-wdm,17.2.2026 14:30,17.2.2026 16:00
REACT 18: React Developer Tools, eslinter  190925-wdm,18.2.2026 09:00,18.2.2026 12:15
REACT 19: Практикум  190925-wdm,18.2.2026 12:30,18.2.2026 14:00
Web Engineering 11: Отработка join, агрегации и группировки  190925-wdm,19.2.2026 09:00,19.2.2026 12:15
REACT 20: Summary session 4  190925-wdm,20.2.2026 09:00,20.2.2026 12:15
Web Engineering 12: Summary session 4  190925-wdm,20.2.2026 12:30,20.2.2026 14:00
REACT 21: Хук useForm  190925-wdm,23.2.2026 09:00,23.2.2026 12:15
REACT 22: Практикум  190925-wdm,23.2.2026 12:30,23.2.2026 14:00
Web Engineering 13: Работа со временем  190925-wdm,24.2.2026 09:00,24.2.2026 12:15
German: Техникум 6  190925-wdm,24.2.2026 14:30,24.2.2026 16:00
REACT 23: Верстка сайта с React с загрузкой данных с сервера  190925-wdm,25.2.2026 09:00,25.2.2026 12:15
REACT 24: Практикум  190925-wdm,25.2.2026 12:30,25.2.2026 14:00
Web Engineering 14: Группировка. Having  190925-wdm,26.2.2026 09:00,26.2.2026 12:15
REACT 25: Summary session 5  190925-wdm,27.2.2026 09:00,27.2.2026 12:15
Web Engineering 15: Summary session 5  190925-wdm,27.2.2026 12:30,27.2.2026 14:00
REACT 26: Роутинг. react-router-dom  190925-wdm,2.3.2026 09:00,2.3.2026 12:15
REACT 27: Практикум  190925-wdm,2.3.2026 12:30,2.3.2026 14:00
Web Engineering 16: Оконные функции  190925-wdm,3.3.2026 09:00,3.3.2026 12:15
German: Техникум 7  190925-wdm,3.3.2026 14:30,3.3.2026 16:00
REACT 28: Работа с событиями и реализация UI компонентов. Хук useRef  190925-wdm,4.3.2026 09:00,4.3.2026 12:15
REACT 29: Практикум  190925-wdm,4.3.2026 12:30,4.3.2026 14:00
Web Engineering 17: Отработка группировки, having, оконных функций  190925-wdm,5.3.2026 09:00,5.3.2026 12:15
REACT 30: Summary session 6  190925-wdm,6.3.2026 09:00,6.3.2026 12:15
Web Engineering 18: Summary session 6  190925-wdm,6.3.2026 12:30,6.3.2026 14:00
REACT 31: Redux знакомство с библиотекой  190925-wdm,9.3.2026 09:00,9.3.2026 12:15
REACT 32: Практикум  190925-wdm,9.3.2026 12:30,9.3.2026 14:00
Web Engineering 19: Проектирование базы данных  190925-wdm,10.3.2026 09:00,10.3.2026 12:15
German: Техникум 8  190925-wdm,10.3.2026 14:30,10.3.2026 16:00
REACT 33: Реализация интерфейса с React и Redux  190925-wdm,11.3.2026 09:00,11.3.2026 12:15
REACT 34: Практикум  190925-wdm,11.3.2026 12:30,11.3.2026 14:00
Web engineering 20: Знакомство с mongoDB.   190925-wdm,12.3.2026 09:00,12.3.2026 12:15
REACT 35: Summary session 7  190925-wdm,13.3.2026 09:00,13.3.2026 12:15
Web engineering 21: Summary session 7  190925-wdm,13.3.2026 12:30,13.3.2026 14:00
REACT 36: Повторение. Мемоизация в React  190925-wdm,16.3.2026 09:00,16.3.2026 12:15
REACT 37: Практикум  190925-wdm,16.3.2026 12:30,16.3.2026 14:00
Web engineering 22: MongoDB Compass and mongosh. Формирование выборки.   190925-wdm,17.3.2026 09:00,17.3.2026 12:15
German: Техникум 9  190925-wdm,17.3.2026 14:30,17.3.2026 16:00
REACT 38: UI библиотеки. Material UI  190925-wdm,18.3.2026 09:00,18.3.2026 12:15
REACT 39: Практикум  190925-wdm,18.3.2026 12:30,18.3.2026 14:00
Web engineering 23: MongoDB: Создание и наполнение коллекций. Агрегация.  190925-wdm,19.3.2026 09:00,19.3.2026 12:15
REACT 40: Summary session 8  190925-wdm,20.3.2026 09:00,20.3.2026 12:15
Web engineering 24: Summary session 8  190925-wdm,20.3.2026 12:30,20.3.2026 14:00
REACT 41: Стилизация в Material UI, css in js  190925-wdm,23.3.2026 09:00,23.3.2026 12:15
REACT 42: Практикум  190925-wdm,23.3.2026 12:30,23.3.2026 14:00
Web engineering 25: MongoDB Atlas. Индексы. Наполнение коллекций.   190925-wdm,24.3.2026 09:00,24.3.2026 12:15
German: Техникум 10  190925-wdm,24.3.2026 14:30,24.3.2026 16:00
REACT 43: Совместная реализация проекта по макету с использованием изученных тем  190925-wdm,25.3.2026 09:00,25.3.2026 12:15
REACT 44: Практикум  190925-wdm,25.3.2026 12:30,25.3.2026 14:00
Web engineering 26: Репликация и CAP теорема.   190925-wdm,26.3.2026 09:00,26.3.2026 12:15
REACT 45: Summary session 9  190925-wdm,27.3.2026 09:00,27.3.2026 12:15
Web engineering 27: Summary session 9  190925-wdm,27.3.2026 12:30,27.3.2026 14:00
REACT 46: Работа с Antd и React Suite  190925-wdm,30.3.2026 09:00,30.3.2026 12:15
REACT 47: Практикум  190925-wdm,30.3.2026 12:30,30.3.2026 14:00
Web engineering 28: Практическая отработка Mongo DB  190925-wdm,31.3.2026 09:00,31.3.2026 12:15
German: Техникум 11  190925-wdm,31.3.2026 14:30,31.3.2026 16:00
REACT 48: Принципы работы redux toolkit. useSelector и useDispatch  190925-wdm,1.4.2026 09:00,1.4.2026 12:15
REACT 49: Практикум  190925-wdm,1.4.2026 12:30,1.4.2026 14:00
Web engineering 29: Revision  190925-wdm,2.4.2026 09:00,2.4.2026 12:15
REACT 50: Summary session 10  190925-wdm,3.4.2026 09:00,3.4.2026 12:15
Web engineering 30: Summary session 10  190925-wdm,3.4.2026 12:30,3.4.2026 14:00
REACT 51: Реализация todolist c помощью Redux toolkit  190925-wdm,6.4.2026 09:00,6.4.2026 12:15
REACT 52: Практикум  190925-wdm,6.4.2026 12:30,6.4.2026 14:00
REACT 53: Сетевые запросы в redux toolkit и обработка ответов запросов в extraReducers  190925-wdm,7.4.2026 09:00,7.4.2026 12:15
German: Техникум 12  190925-wdm,7.4.2026 14:30,7.4.2026 16:00
REACT 54: Практикум  190925-wdm,8.4.2026 09:00,8.4.2026 12:15
REACT 55: Совместная реализация проекта по регистрации и авторизации   190925-wdm,9.4.2026 09:00,9.4.2026 12:15
REACT 56: Практикум  190925-wdm,9.4.2026 12:30,9.4.2026 14:00
REACT 57: Summary session 11  190925-wdm,10.4.2026 09:00,10.4.2026 12:15
* REACT 58: Онбординг в проект  190925-wdm,13.4.2026 09:00,13.4.2026 12:15
REACT 59: Консультация по проекту  190925-wdm,14.4.2026 09:00,14.4.2026 12:15
German: Техникум 13  190925-wdm,14.4.2026 14:30,14.4.2026 16:00
REACT 60: Консультация по проекту  190925-wdm,15.4.2026 09:00,15.4.2026 12:15
REACT 61: Консультация по проекту  190925-wdm,16.4.2026 09:00,16.4.2026 12:15
REACT 62: Презентация проекта  190925-wdm,17.4.2026 09:00,17.4.2026 12:15
Vacation  190925-wdm,18.4.2026 00:00,26.4.2026 00:00
Node.JS 1: Core, Modules, Exports and Require  190925-wdm,27.4.2026 09:00,27.4.2026 12:15
Node.JS 2: Практикум 1  190925-wdm,27.4.2026 12:30,27.4.2026 14:00
Docker 1: Основы Docker  190925-wdm,28.4.2026 09:00,28.4.2026 12:15
Algorithms 1: Что такое алгоритмы  190925-wdm,28.4.2026 12:30,28.4.2026 14:00
German: Техникум 14  190925-wdm,28.4.2026 14:30,28.4.2026 16:00
Node.JS 3: Events, EventEmitter  190925-wdm,29.4.2026 09:00,29.4.2026 12:15
Node.JS 4: Практикум 2  190925-wdm,29.4.2026 12:30,29.4.2026 14:00
Node.JS 5: Files, FileSystem  190925-wdm,30.4.2026 09:00,30.4.2026 12:15
Algorithms 2: Big-O обозначение  190925-wdm,30.4.2026 12:30,30.4.2026 14:00
Node.JS 6: Summary session 1  190925-wdm,1.5.2026 09:00,1.5.2026 12:15
Job search 1: Роадмап и подготовка резюме и Cover letter  190925-wdm,1.5.2026 12:30,1.5.2026 14:00
Node.JS 7: 3rd part modules  190925-wdm,4.5.2026 09:00,4.5.2026 12:15
Node.JS 8: Практикум 3  190925-wdm,4.5.2026 12:30,4.5.2026 14:00
Docker 2: Операции с Docker контейнерами  190925-wdm,5.5.2026 09:00,5.5.2026 12:15
Algorithms 3: Рекурсия и итерация  190925-wdm,5.5.2026 12:30,5.5.2026 14:00
German: Техникум 15  190925-wdm,5.5.2026 14:30,5.5.2026 16:00
Node.JS 9: HTTP, WebServer  190925-wdm,6.5.2026 09:00,6.5.2026 12:15
Node.JS 10: Практикум 4  190925-wdm,6.5.2026 12:30,6.5.2026 14:00
Node.JS 11: Express server  190925-wdm,7.5.2026 09:00,7.5.2026 12:15
Algorithms 4: Разделяй и властвуй  190925-wdm,7.5.2026 12:30,7.5.2026 14:00
Node.JS 12: Summary session 2  190925-wdm,8.5.2026 09:00,8.5.2026 12:15
Job search 2: Платформы для поиска вакансий: LinkedIn и Xing  190925-wdm,8.5.2026 12:30,8.5.2026 14:00
Node.JS 13: Sequelize ORM. Введение, создание таблиц и их связей  190925-wdm,11.5.2026 09:00,11.5.2026 12:15
Node.JS 14: Практикум 5  190925-wdm,11.5.2026 12:30,11.5.2026 14:00
Docker 3: Dockerfile. Веб-сервер nginx в docker. БД в Docker  190925-wdm,12.5.2026 09:00,12.5.2026 12:15
Algorithms 5: Сортировка слиянием  190925-wdm,12.5.2026 12:30,12.5.2026 14:00
German: Техникум 16  190925-wdm,12.5.2026 14:30,12.5.2026 16:00
Node.JS 15: Sequalize ORM. CRUD операции  190925-wdm,13.5.2026 09:00,13.5.2026 12:15
Node.JS 16: Практикум 6  190925-wdm,13.5.2026 12:30,13.5.2026 14:00
Node.JS 17: Аутентификация. Авторизация. Учетные записи  190925-wdm,14.5.2026 09:00,14.5.2026 12:15
Algorithms 6: Быстрая сортировка  190925-wdm,14.5.2026 12:30,14.5.2026 14:00
Node.JS 18: Summary session 3  190925-wdm,15.5.2026 09:00,15.5.2026 12:15
Job search 3: Практическое занятие: разбор резюме и Cover letter  190925-wdm,15.5.2026 12:30,15.5.2026 14:00
Node.JS 19: JSON Web Tokens. Middlewares  190925-wdm,18.5.2026 09:00,18.5.2026 12:15
Node.JS 20: Практикум 7  190925-wdm,18.5.2026 12:30,18.5.2026 14:00
Docker 4: Multistage dockerfiles, Docker-compose  190925-wdm,19.5.2026 09:00,19.5.2026 12:15
Algorithms 7: Амортизированный анализ и динамические массивы  190925-wdm,19.5.2026 12:30,19.5.2026 14:00
German: Техникум 17  190925-wdm,19.5.2026 14:30,19.5.2026 16:00
Node.JS 21: Тестирование API сервера. Postman. Создание документов  190925-wdm,20.5.2026 09:00,20.5.2026 12:15
Node.JS 22: Практикум 8  190925-wdm,20.5.2026 12:30,20.5.2026 14:00
Node.JS 23: Express сервер. Создание простого API сервера (MongoDB)  190925-wdm,21.5.2026 09:00,21.5.2026 12:15
Algorithms 8: Стек и очередь  190925-wdm,21.5.2026 14:30,21.5.2026 16:00
Node.JS 24: Summary session 4  190925-wdm,22.5.2026 09:00,22.5.2026 12:15
Job search 4: Подготовка к собеседованию с HR (как подготовить и что почитать, как отвечать на вопросы)   190925-wdm,22.5.2026 12:30,22.5.2026 14:00
Node.JS 25: Mongoose ORM. Введение, создание схем и связей  190925-wdm,25.5.2026 09:00,25.5.2026 12:15
Node.JS 26: Практикум 9  190925-wdm,25.5.2026 12:30,25.5.2026 14:00
Docker 5: Облачные вычисления, AWS Global Infrastructure, Pricing, Billing, and Governance  190925-wdm,26.5.2026 09:00,26.5.2026 12:15
Node.JS 27: mini project 1.1  190925-wdm,26.5.2026 12:30,26.5.2026 14:00
German: Техникум 18  190925-wdm,26.5.2026 14:30,26.5.2026 16:00
Node.JS 28: Mongoose ORM. CRUD операции  190925-wdm,27.5.2026 09:00,27.5.2026 12:15
Node.JS 29: Практикум 10  190925-wdm,27.5.2026 12:30,27.5.2026 14:00
Node.JS 30:Network, Debugging. Socket.io  190925-wdm,28.5.2026 09:00,28.5.2026 12:15
Node.JS 31: mini project 1.2  190925-wdm,28.5.2026 12:30,28.5.2026 14:00
Node.JS 32: Summary session 5  190925-wdm,29.5.2026 09:00,29.5.2026 12:15
Job search 5: Как подготовиться к техническому собеседованию  190925-wdm,29.5.2026 12:30,29.5.2026 14:00
Node.JS 33: Введение в TypeScript  190925-wdm,1.6.2026 09:00,1.6.2026 12:15
Node.JS 34: Практикум 11  190925-wdm,1.6.2026 12:30,1.6.2026 14:00
Docker 6: Exploring AWS. Account and Services overview, AWS CLi, Boto 3  190925-wdm,2.6.2026 09:00,2.6.2026 12:15
Node.JS 35: mini project 2.1  190925-wdm,2.6.2026 12:30,2.6.2026 14:00
German: Техникум 19  190925-wdm,2.6.2026 14:30,2.6.2026 16:00
Node.JS 36: Переменные, константы и типы данных в TypeScript  190925-wdm,3.6.2026 09:00,3.6.2026 12:15
Node.JS 37: Практикум 12  190925-wdm,3.6.2026 12:30,3.6.2026 14:00
Node.JS 38: Комплексные типы данных и интерфейсы в TypeScript  190925-wdm,4.6.2026 09:00,4.6.2026 12:15
Node.JS 39: mini project 2.2  190925-wdm,4.6.2026 12:30,4.6.2026 14:00
Node.JS 40: Summary session 6  190925-wdm,5.6.2026 09:00,5.6.2026 12:15
Job search 6: Практическое занятие: Собсеседование с HR  190925-wdm,5.6.2026 12:30,5.6.2026 14:00
Node.JS 41: Функции и обобщения в TypeScript  190925-wdm,8.6.2026 09:00,8.6.2026 12:15
Node.JS 42: Практикум 13  190925-wdm,8.6.2026 12:30,8.6.2026 14:00
Docker 7: AWS Networking Services: VPC and Subcomponents, Lambda and Storage Services - EBS, S3, RDS  190925-wdm,9.6.2026 09:00,9.6.2026 12:15
Node.JS 43: mini project 3.1  190925-wdm,9.6.2026 12:30,9.6.2026 14:00
German: Техникум 20  190925-wdm,9.6.2026 14:30,9.6.2026 16:00
Node.JS 44: Классы и наследование в TypeScript  190925-wdm,10.6.2026 09:00,10.6.2026 12:15
Node.JS 45: Практикум 14  190925-wdm,10.6.2026 12:30,10.6.2026 14:00
Node.JS 46: Продвинутые возможности классов в TypeScript  190925-wdm,11.6.2026 09:00,11.6.2026 12:15
Node.JS 47: mini project 3.2  190925-wdm,11.6.2026 12:30,11.6.2026 14:00
Node.JS 48: Summary session 7  190925-wdm,12.6.2026 09:00,12.6.2026 12:15
Job search 7: Практическое занятие: Тренировка технического собеседования  190925-wdm,12.6.2026 12:30,12.6.2026 14:00
Node.JS 49: Модули и пространства имен в TypeScript  190925-wdm,15.6.2026 09:00,15.6.2026 12:15
Node.JS 50: Практикум 15  190925-wdm,15.6.2026 12:30,15.6.2026 14:00
Node.JS 51: mini project 4.1  190925-wdm,16.6.2026 12:30,16.6.2026 14:00
German: Тренировка HR собеса 1  190925-wdm,16.6.2026 14:30,16.6.2026 16:00
Node.JS 52: Асинхронное программирование с помощью Async/Await в TypeScript  190925-wdm,17.6.2026 09:00,17.6.2026 12:15
Node.JS 53: Практикум 16  190925-wdm,17.6.2026 12:30,17.6.2026 14:00
Node.JS 54: Разработка серверного приложения на базе Express с использованием TypeScript  190925-wdm,18.6.2026 09:00,18.6.2026 12:15
Node.JS 55: mini project 4.2  190925-wdm,18.6.2026 12:30,18.6.2026 14:00
German: Тренировка тех собеса 1  190925-wdm,18.6.2026 14:30,18.6.2026 16:00
Node.JS 56: Summary session 8  190925-wdm,19.6.2026 09:00,19.6.2026 12:15
Vacation  190925-wdm,20.6.2026 00:00,28.6.2026 00:00
Project 1: Онбординг: Финальный проект  190925-wdm,29.6.2026 09:00,29.6.2026 12:15
Project 2: Консультация: финальный проект  190925-wdm,30.6.2026 09:00,30.6.2026 12:15
German: Тренировка HR собеса 2  190925-wdm,30.6.2026 14:30,30.6.2026 16:00
Project 4: Консультация: финальный проект  190925-wdm,1.7.2026 09:00,1.7.2026 12:15
Project 3: Консультация: финальный проект  190925-wdm,2.7.2026 09:00,2.7.2026 12:15
German: Тренировка тех собеса 2  190925-wdm,2.7.2026 14:30,2.7.2026 16:00
Project 6: Консультация: финальный проект  190925-wdm,3.7.2026 09:00,3.7.2026 12:15
Project 7: Консультация: финальный проект  190925-wdm,6.7.2026 09:00,6.7.2026 12:15
Project 5: Консультация: финальный проект  190925-wdm,7.7.2026 09:00,7.7.2026 12:15
German: Тренировка HR собеса 3  190925-wdm,7.7.2026 14:30,7.7.2026 16:00
Project 8: Консультация: финальный проект  190925-wdm,8.7.2026 09:00,8.7.2026 12:15
Project 9: Консультация: финальный проект  190925-wdm,9.7.2026 09:00,9.7.2026 12:15
German: Тренировка тех собеса 3  190925-wdm,9.7.2026 14:30,9.7.2026 16:00
Project 10: Консультация: финальный проект  190925-wdm,13.7.2026 09:00,13.7.2026 12:15
Project 11: Консультация: финальный проект  190925-wdm,14.7.2026 09:00,14.7.2026 12:15
German: Подготовка к защите финального проекта на немецком  190925-wdm,14.7.2026 14:30,14.7.2026 16:00
Docker 8: Консультация по проекту (докеризация)  190925-wdm,15.7.2026 09:00,15.7.2026 12:15
Docker 9: Консультация по проекту (докеризация)  190925-wdm,16.7.2026 09:00,16.7.2026 12:15
Project 12: Защита финального проекта  190925-wdm,16.7.2026 09:00,16.7.2026 12:15
German: Защита финального проекта на немецком  190925-wdm,17.7.2026 14:30,17.7.2026 16:00
Каникулы  190925-wdm,20.12.2025 00:00,4.1.2026 00:00
Front-end 6: Summary Session 2 Bekov Astemir 190925-wdm,6.10.2025 14:30,6.10.2025 16:00
